-- phpMyAdmin SQL Dump
-- version 5.2.0
-- https://www.phpmyadmin.net/
--
-- Host: 127.0.0.1
-- Generation Time: Jan 19, 2023 at 04:35 PM
-- Server version: 10.4.24-MariaDB
-- PHP Version: 8.1.6

SET SQL_MODE = "NO_AUTO_VALUE_ON_ZERO";
START TRANSACTION;
SET time_zone = "+00:00";


/*!40101 SET @OLD_CHARACTER_SET_CLIENT=@@CHARACTER_SET_CLIENT */;
/*!40101 SET @OLD_CHARACTER_SET_RESULTS=@@CHARACTER_SET_RESULTS */;
/*!40101 SET @OLD_COLLATION_CONNECTION=@@COLLATION_CONNECTION */;
/*!40101 SET NAMES utf8mb4 */;

--
-- Database: `skillupdb`
--

-- --------------------------------------------------------

--
-- Table structure for table `courses`
--

CREATE TABLE `courses` (
  `courseid` int(11) NOT NULL,
  `userid` int(11) NOT NULL,
  `name` varchar(150) NOT NULL,
  `description` text NOT NULL,
  `category` varchar(150) NOT NULL,
  `time` varchar(150) NOT NULL,
  `videonumber` int(11) NOT NULL,
  `level` varchar(150) NOT NULL,
  `image` varchar(150) NOT NULL,
  `link` text NOT NULL,
  `price` int(11) NOT NULL,
  `status` tinyint(4) NOT NULL
) ENGINE=InnoDB DEFAULT CHARSET=utf8;

--
-- Dumping data for table `courses`
--

INSERT INTO `courses` (`courseid`, `userid`, `name`, `description`, `category`, `time`, `videonumber`, `level`, `image`, `link`, `price`, `status`) VALUES
(1, 2, 'پریمیر', '\r\n                                <h4 class=\"edu_title\">سرفصل و جزئیات آموزش</h4>\r\n                                <p>چه بخواهید یک فیلم شخصی را تدوین کنید یا تغییرات جزیی را روی یک ویدیو اعمال نمایید و\r\n                                    یا وقتی بخواهید به شکل جدی‌تر و به صورت هالیوودی به تدوین فیلم و تولیدات سینمایی\r\n                                    شگفت‌انگیز بپردازید و از این راه درآمد هم داشته باشید، باید به سراغ یک نرم افزار\r\n                                    قدرتمند مثل ادوبی پریمیر بروید. در ادامه به توضیحات مفصل تر در مورد آموزش پریمیر\r\n                                    می‌پردازیم.</p>\r\n                                <p>آموزش پریمیر در حالی که مطالب بیشتری را پوشش داده و نسبت به سایر آموزش‌ها جامع‌تر\r\n                                    است، مدت زمان آن به نسبت آموزش‌های مشابه ⣿ یک سوم ⣿ است یعنی اکثر دوره‌های موجود در\r\n                                    سطح وب همین محتوا را در زمانی معادل ۳ برابر این دوره تدریس می‌کنند که این موضوع باعث\r\n                                    اتلاف وقت زیادی در یادگیری شما خواهد شد! لذا مدت زمان این دوره فوق‌العاده مفید بوده\r\n                                    و در کمترین زمان بیشترین مباحث را می‌آموزید!</p>\r\n                                <h6>مقدمه و معرفی دوره</h6>\r\n                                <ul class=\"simple-list p-0\">\r\n                                    <li>مقدمه و معرفی مدرس و دوره، شیوه تدریس و پیشگفتار</li>\r\n                                    <li>چرا تنها با همین دوره میتوانید حضور قدرتمندی در بازار داشته باشید؟</li>\r\n                                    <li>آنچه در دوره آموزش پریمیر پرو با هم یاد میگیریم؟</li>\r\n                                    <li>انتخاب بهترین نسخه پریمیر و بررسی تفاوت های هر نسخه از پریمیر</li>\r\n                                    <li>نکات مربوط به نصب نسخه های پریمیر ۲۰۱۷ و قبل از آن</li>\r\n                                </ul>\r\n                         ', 'دیزاین', '20 ساعت', 4, 'پیشرفته', 'cr-1.jpg', 'http://downloadlink', 230000, 1),
(2, 3, 'طراحی وب', '\r\n                                <h4 class=\"edu_title\">سرفصل و جزئیات آموزش</h4>\r\n                                <p>چه بخواهید یک فیلم شخصی را تدوین کنید یا تغییرات جزیی را روی یک ویدیو اعمال نمایید و\r\n                                    یا وقتی بخواهید به شکل جدی‌تر و به صورت هالیوودی به تدوین فیلم و تولیدات سینمایی\r\n                                    شگفت‌انگیز بپردازید و از این راه درآمد هم داشته باشید، باید به سراغ یک نرم افزار\r\n                                    قدرتمند مثل ادوبی پریمیر بروید. در ادامه به توضیحات مفصل تر در مورد آموزش پریمیر\r\n                                    می‌پردازیم.</p>\r\n                                <p>آموزش پریمیر در حالی که مطالب بیشتری را پوشش داده و نسبت به سایر آموزش‌ها جامع‌تر\r\n                                    است، مدت زمان آن به نسبت آموزش‌های مشابه ⣿ یک سوم ⣿ است یعنی اکثر دوره‌های موجود در\r\n                                    سطح وب همین محتوا را در زمانی معادل ۳ برابر این دوره تدریس می‌کنند که این موضوع باعث\r\n                                    اتلاف وقت زیادی در یادگیری شما خواهد شد! لذا مدت زمان این دوره فوق‌العاده مفید بوده\r\n                                    و در کمترین زمان بیشترین مباحث را می‌آموزید!</p>\r\n                                <h6>مقدمه و معرفی دوره</h6>\r\n                                <ul class=\"simple-list p-0\">\r\n                                    <li>مقدمه و معرفی مدرس و دوره، شیوه تدریس و پیشگفتار</li>\r\n                                    <li>چرا تنها با همین دوره میتوانید حضور قدرتمندی در بازار داشته باشید؟</li>\r\n                                    <li>آنچه در دوره آموزش پریمیر پرو با هم یاد میگیریم؟</li>\r\n                                    <li>انتخاب بهترین نسخه پریمیر و بررسی تفاوت های هر نسخه از پریمیر</li>\r\n                                    <li>نکات مربوط به نصب نسخه های پریمیر ۲۰۱۷ و قبل از آن</li>\r\n                                </ul>\r\n                         ', 'فرانت اند', '20 ساعت', 5, 'پیشرفته', 'cr-2.jpg', 'http://downloadlink', 4400000, 1),
(3, 1, 'طراحی رابط کاربری', '\r\n                                <h4 class=\"edu_title\">سرفصل و جزئیات آموزش</h4>\r\n                                <p>چه بخواهید یک فیلم شخصی را تدوین کنید یا تغییرات جزیی را روی یک ویدیو اعمال نمایید و\r\n                                    یا وقتی بخواهید به شکل جدی‌تر و به صورت هالیوودی به تدوین فیلم و تولیدات سینمایی\r\n                                    شگفت‌انگیز بپردازید و از این راه درآمد هم داشته باشید، باید به سراغ یک نرم افزار\r\n                                    قدرتمند مثل ادوبی پریمیر بروید. در ادامه به توضیحات مفصل تر در مورد آموزش پریمیر\r\n                                    می‌پردازیم.</p>\r\n                                <p>آموزش پریمیر در حالی که مطالب بیشتری را پوشش داده و نسبت به سایر آموزش‌ها جامع‌تر\r\n                                    است، مدت زمان آن به نسبت آموزش‌های مشابه ⣿ یک سوم ⣿ است یعنی اکثر دوره‌های موجود در\r\n                                    سطح وب همین محتوا را در زمانی معادل ۳ برابر این دوره تدریس می‌کنند که این موضوع باعث\r\n                                    اتلاف وقت زیادی در یادگیری شما خواهد شد! لذا مدت زمان این دوره فوق‌العاده مفید بوده\r\n                                    و در کمترین زمان بیشترین مباحث را می‌آموزید!</p>\r\n                                <h6>مقدمه و معرفی دوره</h6>\r\n                                <ul class=\"simple-list p-0\">\r\n                                    <li>مقدمه و معرفی مدرس و دوره، شیوه تدریس و پیشگفتار</li>\r\n                                    <li>چرا تنها با همین دوره میتوانید حضور قدرتمندی در بازار داشته باشید؟</li>\r\n                                    <li>آنچه در دوره آموزش پریمیر پرو با هم یاد میگیریم؟</li>\r\n                                    <li>انتخاب بهترین نسخه پریمیر و بررسی تفاوت های هر نسخه از پریمیر</li>\r\n                                    <li>نکات مربوط به نصب نسخه های پریمیر ۲۰۱۷ و قبل از آن</li>\r\n                                </ul>\r\n                         ', 'دیزاین', '20 ساعت', 15, 'مقدماتی', 'cr-3.jpg', 'http://downloadlink', 820000, 1),
(4, 2, 'بک اند', '\r\n                                <h4 class=\"edu_title\">سرفصل و جزئیات آموزش</h4>\r\n                                <p>چه بخواهید یک فیلم شخصی را تدوین کنید یا تغییرات جزیی را روی یک ویدیو اعمال نمایید و\r\n                                    یا وقتی بخواهید به شکل جدی‌تر و به صورت هالیوودی به تدوین فیلم و تولیدات سینمایی\r\n                                    شگفت‌انگیز بپردازید و از این راه درآمد هم داشته باشید، باید به سراغ یک نرم افزار\r\n                                    قدرتمند مثل ادوبی پریمیر بروید. در ادامه به توضیحات مفصل تر در مورد آموزش پریمیر\r\n                                    می‌پردازیم.</p>\r\n                                <p>آموزش پریمیر در حالی که مطالب بیشتری را پوشش داده و نسبت به سایر آموزش‌ها جامع‌تر\r\n                                    است، مدت زمان آن به نسبت آموزش‌های مشابه ⣿ یک سوم ⣿ است یعنی اکثر دوره‌های موجود در\r\n                                    سطح وب همین محتوا را در زمانی معادل ۳ برابر این دوره تدریس می‌کنند که این موضوع باعث\r\n                                    اتلاف وقت زیادی در یادگیری شما خواهد شد! لذا مدت زمان این دوره فوق‌العاده مفید بوده\r\n                                    و در کمترین زمان بیشترین مباحث را می‌آموزید!</p>\r\n                                <h6>مقدمه و معرفی دوره</h6>\r\n                                <ul class=\"simple-list p-0\">\r\n                                    <li>مقدمه و معرفی مدرس و دوره، شیوه تدریس و پیشگفتار</li>\r\n                                    <li>چرا تنها با همین دوره میتوانید حضور قدرتمندی در بازار داشته باشید؟</li>\r\n                                    <li>آنچه در دوره آموزش پریمیر پرو با هم یاد میگیریم؟</li>\r\n                                    <li>انتخاب بهترین نسخه پریمیر و بررسی تفاوت های هر نسخه از پریمیر</li>\r\n                                    <li>نکات مربوط به نصب نسخه های پریمیر ۲۰۱۷ و قبل از آن</li>\r\n                                </ul>\r\n                         ', 'بک اند', '20 ساعت', 16, 'مقدماتی', 'cr-4.jpg', 'http://downloadlink', 4500000, 1),
(5, 3, 'فرانت اند', '\r\n                                <h4 class=\"edu_title\">سرفصل و جزئیات آموزش</h4>\r\n                                <p>چه بخواهید یک فیلم شخصی را تدوین کنید یا تغییرات جزیی را روی یک ویدیو اعمال نمایید و\r\n                                    یا وقتی بخواهید به شکل جدی‌تر و به صورت هالیوودی به تدوین فیلم و تولیدات سینمایی\r\n                                    شگفت‌انگیز بپردازید و از این راه درآمد هم داشته باشید، باید به سراغ یک نرم افزار\r\n                                    قدرتمند مثل ادوبی پریمیر بروید. در ادامه به توضیحات مفصل تر در مورد آموزش پریمیر\r\n                                    می‌پردازیم.</p>\r\n                                <p>آموزش پریمیر در حالی که مطالب بیشتری را پوشش داده و نسبت به سایر آموزش‌ها جامع‌تر\r\n                                    است، مدت زمان آن به نسبت آموزش‌های مشابه ⣿ یک سوم ⣿ است یعنی اکثر دوره‌های موجود در\r\n                                    سطح وب همین محتوا را در زمانی معادل ۳ برابر این دوره تدریس می‌کنند که این موضوع باعث\r\n                                    اتلاف وقت زیادی در یادگیری شما خواهد شد! لذا مدت زمان این دوره فوق‌العاده مفید بوده\r\n                                    و در کمترین زمان بیشترین مباحث را می‌آموزید!</p>\r\n                                <h6>مقدمه و معرفی دوره</h6>\r\n                                <ul class=\"simple-list p-0\">\r\n                                    <li>مقدمه و معرفی مدرس و دوره، شیوه تدریس و پیشگفتار</li>\r\n                                    <li>چرا تنها با همین دوره میتوانید حضور قدرتمندی در بازار داشته باشید؟</li>\r\n                                    <li>آنچه در دوره آموزش پریمیر پرو با هم یاد میگیریم؟</li>\r\n                                    <li>انتخاب بهترین نسخه پریمیر و بررسی تفاوت های هر نسخه از پریمیر</li>\r\n                                    <li>نکات مربوط به نصب نسخه های پریمیر ۲۰۱۷ و قبل از آن</li>\r\n                                </ul>\r\n                         ', 'فرانت اند', '20 ساعت', 20, 'مقدماتی', 'cr-5.jpg', 'http://downloadlink', 800000, 1),
(6, 1, 'وردپرس', '\r\n                                <h4 class=\"edu_title\">سرفصل و جزئیات آموزش</h4>\r\n                                <p>چه بخواهید یک فیلم شخصی را تدوین کنید یا تغییرات جزیی را روی یک ویدیو اعمال نمایید و\r\n                                    یا وقتی بخواهید به شکل جدی‌تر و به صورت هالیوودی به تدوین فیلم و تولیدات سینمایی\r\n                                    شگفت‌انگیز بپردازید و از این راه درآمد هم داشته باشید، باید به سراغ یک نرم افزار\r\n                                    قدرتمند مثل ادوبی پریمیر بروید. در ادامه به توضیحات مفصل تر در مورد آموزش پریمیر\r\n                                    می‌پردازیم.</p>\r\n                                <p>آموزش پریمیر در حالی که مطالب بیشتری را پوشش داده و نسبت به سایر آموزش‌ها جامع‌تر\r\n                                    است، مدت زمان آن به نسبت آموزش‌های مشابه ⣿ یک سوم ⣿ است یعنی اکثر دوره‌های موجود در\r\n                                    سطح وب همین محتوا را در زمانی معادل ۳ برابر این دوره تدریس می‌کنند که این موضوع باعث\r\n                                    اتلاف وقت زیادی در یادگیری شما خواهد شد! لذا مدت زمان این دوره فوق‌العاده مفید بوده\r\n                                    و در کمترین زمان بیشترین مباحث را می‌آموزید!</p>\r\n                                <h6>مقدمه و معرفی دوره</h6>\r\n                                <ul class=\"simple-list p-0\">\r\n                                    <li>مقدمه و معرفی مدرس و دوره، شیوه تدریس و پیشگفتار</li>\r\n                                    <li>چرا تنها با همین دوره میتوانید حضور قدرتمندی در بازار داشته باشید؟</li>\r\n                                    <li>آنچه در دوره آموزش پریمیر پرو با هم یاد میگیریم؟</li>\r\n                                    <li>انتخاب بهترین نسخه پریمیر و بررسی تفاوت های هر نسخه از پریمیر</li>\r\n                                    <li>نکات مربوط به نصب نسخه های پریمیر ۲۰۱۷ و قبل از آن</li>\r\n                                </ul>\r\n                         ', 'طراحی سایت', '20 ساعت', 20, 'مقدماتی', 'cr-6.jpg', 'http://downloadlink', 600000, 1),
(7, 2, 'ریکت', '\r\n                                <h4 class=\"edu_title\">سرفصل و جزئیات آموزش</h4>\r\n                                <p>چه بخواهید یک فیلم شخصی را تدوین کنید یا تغییرات جزیی را روی یک ویدیو اعمال نمایید و\r\n                                    یا وقتی بخواهید به شکل جدی‌تر و به صورت هالیوودی به تدوین فیلم و تولیدات سینمایی\r\n                                    شگفت‌انگیز بپردازید و از این راه درآمد هم داشته باشید، باید به سراغ یک نرم افزار\r\n                                    قدرتمند مثل ادوبی پریمیر بروید. در ادامه به توضیحات مفصل تر در مورد آموزش پریمیر\r\n                                    می‌پردازیم.</p>\r\n                                <p>آموزش پریمیر در حالی که مطالب بیشتری را پوشش داده و نسبت به سایر آموزش‌ها جامع‌تر\r\n                                    است، مدت زمان آن به نسبت آموزش‌های مشابه ⣿ یک سوم ⣿ است یعنی اکثر دوره‌های موجود در\r\n                                    سطح وب همین محتوا را در زمانی معادل ۳ برابر این دوره تدریس می‌کنند که این موضوع باعث\r\n                                    اتلاف وقت زیادی در یادگیری شما خواهد شد! لذا مدت زمان این دوره فوق‌العاده مفید بوده\r\n                                    و در کمترین زمان بیشترین مباحث را می‌آموزید!</p>\r\n                                <h6>مقدمه و معرفی دوره</h6>\r\n                                <ul class=\"simple-list p-0\">\r\n                                    <li>مقدمه و معرفی مدرس و دوره، شیوه تدریس و پیشگفتار</li>\r\n                                    <li>چرا تنها با همین دوره میتوانید حضور قدرتمندی در بازار داشته باشید؟</li>\r\n                                    <li>آنچه در دوره آموزش پریمیر پرو با هم یاد میگیریم؟</li>\r\n                                    <li>انتخاب بهترین نسخه پریمیر و بررسی تفاوت های هر نسخه از پریمیر</li>\r\n                                    <li>نکات مربوط به نصب نسخه های پریمیر ۲۰۱۷ و قبل از آن</li>\r\n                                </ul>\r\n                         ', 'فرانت اند', '20 ساعت', 16, 'پیشرفته', 'cr-7.jpg', 'http://downloadlink', 500000, 1),
(8, 3, 'لاراول', '\r\n                                <h4 class=\"edu_title\">سرفصل و جزئیات آموزش</h4>\r\n                                <p>چه بخواهید یک فیلم شخصی را تدوین کنید یا تغییرات جزیی را روی یک ویدیو اعمال نمایید و\r\n                                    یا وقتی بخواهید به شکل جدی‌تر و به صورت هالیوودی به تدوین فیلم و تولیدات سینمایی\r\n                                    شگفت‌انگیز بپردازید و از این راه درآمد هم داشته باشید، باید به سراغ یک نرم افزار\r\n                                    قدرتمند مثل ادوبی پریمیر بروید. در ادامه به توضیحات مفصل تر در مورد آموزش پریمیر\r\n                                    می‌پردازیم.</p>\r\n                                <p>آموزش پریمیر در حالی که مطالب بیشتری را پوشش داده و نسبت به سایر آموزش‌ها جامع‌تر\r\n                                    است، مدت زمان آن به نسبت آموزش‌های مشابه ⣿ یک سوم ⣿ است یعنی اکثر دوره‌های موجود در\r\n                                    سطح وب همین محتوا را در زمانی معادل ۳ برابر این دوره تدریس می‌کنند که این موضوع باعث\r\n                                    اتلاف وقت زیادی در یادگیری شما خواهد شد! لذا مدت زمان این دوره فوق‌العاده مفید بوده\r\n                                    و در کمترین زمان بیشترین مباحث را می‌آموزید!</p>\r\n                                <h6>مقدمه و معرفی دوره</h6>\r\n                                <ul class=\"simple-list p-0\">\r\n                                    <li>مقدمه و معرفی مدرس و دوره، شیوه تدریس و پیشگفتار</li>\r\n                                    <li>چرا تنها با همین دوره میتوانید حضور قدرتمندی در بازار داشته باشید؟</li>\r\n                                    <li>آنچه در دوره آموزش پریمیر پرو با هم یاد میگیریم؟</li>\r\n                                    <li>انتخاب بهترین نسخه پریمیر و بررسی تفاوت های هر نسخه از پریمیر</li>\r\n                                    <li>نکات مربوط به نصب نسخه های پریمیر ۲۰۱۷ و قبل از آن</li>\r\n                                </ul>\r\n                         ', 'بک اند', '20 ساعت', 40, 'مقدماتی', 'cr-8.jpg', 'http://downloadlink', 300000, 1),
(9, 1, 'تجزیه تحلیل پروژه', '    \r\n                                <h4 class=\"edu_title\">سرفصل و جزئیات آموزش</h4>\r\n                                <p>چه بخواهید یک فیلم شخصی را تدوین کنید یا تغییرات جزیی را روی یک ویدیو اعمال نمایید و\r\n                                    یا وقتی بخواهید به شکل جدی‌تر و به صورت هالیوودی به تدوین فیلم و تولیدات سینمایی\r\n                                    شگفت‌انگیز بپردازید و از این راه درآمد هم داشته باشید، باید به سراغ یک نرم افزار\r\n                                    قدرتمند مثل ادوبی پریمیر بروید. در ادامه به توضیحات مفصل تر در مورد آموزش پریمیر\r\n                                    می‌پردازیم.</p>\r\n                                <p>آموزش پریمیر در حالی که مطالب بیشتری را پوشش داده و نسبت به سایر آموزش‌ها جامع‌تر\r\n                                    است، مدت زمان آن به نسبت آموزش‌های مشابه ⣿ یک سوم ⣿ است یعنی اکثر دوره‌های موجود در\r\n                                    سطح وب همین محتوا را در زمانی معادل ۳ برابر این دوره تدریس می‌کنند که این موضوع باعث\r\n                                    اتلاف وقت زیادی در یادگیری شما خواهد شد! لذا مدت زمان این دوره فوق‌العاده مفید بوده\r\n                                    و در کمترین زمان بیشترین مباحث را می‌آموزید!</p>\r\n                                <h6>مقدمه و معرفی دوره</h6>\r\n                                <ul class=\"simple-list p-0\">\r\n                                    <li>مقدمه و معرفی مدرس و دوره، شیوه تدریس و پیشگفتار</li>\r\n                                    <li>چرا تنها با همین دوره میتوانید حضور قدرتمندی در بازار داشته باشید؟</li>\r\n                                    <li>آنچه در دوره آموزش پریمیر پرو با هم یاد میگیریم؟</li>\r\n                                    <li>انتخاب بهترین نسخه پریمیر و بررسی تفاوت های هر نسخه از پریمیر</li>\r\n                                    <li>نکات مربوط به نصب نسخه های پریمیر ۲۰۱۷ و قبل از آن</li>\r\n                                </ul>\r\n                           ', 'مهارت نرم', '20 ساعت', 5, 'پیشرفته', 'cr-9.jpg', 'http://downloadlink', 250000, 1);

-- --------------------------------------------------------

--
-- Table structure for table `sells`
--

CREATE TABLE `sells` (
  `sellid` int(11) NOT NULL,
  `userid` int(11) NOT NULL,
  `courseid` int(11) NOT NULL,
  `date` date NOT NULL
) ENGINE=InnoDB DEFAULT CHARSET=utf8;

--
-- Dumping data for table `sells`
--

INSERT INTO `sells` (`sellid`, `userid`, `courseid`, `date`) VALUES
(1, 1, 8, '2023-01-18'),
(2, 2, 8, '2023-01-18'),
(3, 1, 7, '2023-01-19');

-- --------------------------------------------------------

--
-- Table structure for table `users`
--

CREATE TABLE `users` (
  `userid` int(11) NOT NULL,
  `username` varchar(30) NOT NULL,
  `name` varchar(150) NOT NULL,
  `email` varchar(150) NOT NULL,
  `password` varchar(150) NOT NULL,
  `type` tinyint(4) NOT NULL
) ENGINE=InnoDB DEFAULT CHARSET=utf8;

--
-- Dumping data for table `users`
--

INSERT INTO `users` (`userid`, `username`, `name`, `email`, `password`, `type`) VALUES
(1, 'admin', 'مینا طاهری', 'minataheri@gmail.com', '12345', 1),
(2, 'usertest', 'سارا توکلی', 'usertest@gmail.com', '12345', 0),
(3, 'usertest2', 'زهرا زارع', 'usertest2@gmail.com', '12345', 0);

--
-- Indexes for dumped tables
--

--
-- Indexes for table `courses`
--
ALTER TABLE `courses`
  ADD PRIMARY KEY (`courseid`),
  ADD KEY `course_userid_fk` (`userid`);

--
-- Indexes for table `sells`
--
ALTER TABLE `sells`
  ADD PRIMARY KEY (`sellid`),
  ADD KEY `sell_userid_fk` (`userid`),
  ADD KEY `sell_courseid_fk` (`courseid`);

--
-- Indexes for table `users`
--
ALTER TABLE `users`
  ADD PRIMARY KEY (`userid`);

--
-- AUTO_INCREMENT for dumped tables
--

--
-- AUTO_INCREMENT for table `courses`
--
ALTER TABLE `courses`
  MODIFY `courseid` int(11) NOT NULL AUTO_INCREMENT, AUTO_INCREMENT=12;

--
-- AUTO_INCREMENT for table `sells`
--
ALTER TABLE `sells`
  MODIFY `sellid` int(11) NOT NULL AUTO_INCREMENT, AUTO_INCREMENT=4;

--
-- AUTO_INCREMENT for table `users`
--
ALTER TABLE `users`
  MODIFY `userid` int(11) NOT NULL AUTO_INCREMENT, AUTO_INCREMENT=4;

--
-- Constraints for dumped tables
--

--
-- Constraints for table `courses`
--
ALTER TABLE `courses`
  ADD CONSTRAINT `course_userid_fk` FOREIGN KEY (`userid`) REFERENCES `users` (`userid`);

--
-- Constraints for table `sells`
--
ALTER TABLE `sells`
  ADD CONSTRAINT `sell_courseid_fk` FOREIGN KEY (`courseid`) REFERENCES `courses` (`courseid`),
  ADD CONSTRAINT `sell_userid_fk` FOREIGN KEY (`userid`) REFERENCES `users` (`userid`);
COMMIT;

/*!40101 SET CHARACTER_SET_CLIENT=@OLD_CHARACTER_SET_CLIENT */;
/*!40101 SET CHARACTER_SET_RESULTS=@OLD_CHARACTER_SET_RESULTS */;
/*!40101 SET COLLATION_CONNECTION=@OLD_COLLATION_CONNECTION */;
